<?xml version="1.0" encoding="UTF-8"?>
<project-private xmlns="http://www.netbeans.org/ns/project-private/1">
    <editor-bookmarks xmlns="http://www.netbeans.org/ns/editor-bookmarks/1"/>
    <open-files xmlns="http://www.netbeans.org/ns/projectui-open-files/1">
        <file>file:/Users/admin/Workspace/htdocs/cores/Rino2/index.php</file>
        <file>file:/Users/admin/Workspace/htdocs/cores/Rino2/system/classes/ri/request.php</file>
        <file>file:/Users/admin/Workspace/htdocs/cores/Rino2/system/classes/ri.php</file>
        <file>file:/Users/admin/Workspace/htdocs/cores/Rino2/system/classes/ri/context.php</file>
        <file>file:/Users/admin/Workspace/htdocs/cores/Rino2/app/config.php</file>
    </open-files>
</project-private>
